<?xml version="1.0" encoding="UTF-8" ?>
<FolderItems version="1.0">
    <ExcludedPath>*setup.exe</ExcludedPath>
    <ExcludedPath>*unins*.exe</ExcludedPath>
    <ExcludedPath>*installer.exe</ExcludedPath>
    <ExcludedPath>*unstall.exe</ExcludedPath>
    <ExcludedPath>*updater.exe</ExcludedPath>
    <ExcludedPath>*unwise.exe</ExcludedPath>
    <ExcludedPath>*setup*.exe</ExcludedPath>
    <ExcludedPath>$(Drive)\7-Zip\7z.exe</ExcludedPath>
    <ExcludedPath>$(Drive)\7-Zip\7zG.exe</ExcludedPath>
    <ExcludedPath>$(Drive)\FirefoxPortable\App\Firefox\firefox.exe</ExcludedPath>
    <ExcludedPath>$(Drive)\FirefoxPortable\App\Firefox\plugin-hang-ui.exe</ExcludedPath>
    <ExcludedPath>$(Drive)\FirefoxPortable\App\Firefox\plugin-container.exe</ExcludedPath>
    <ExcludedPath>$(Drive)\FirefoxPortable\App\Firefox\pingsender.exe</ExcludedPath>
    <ExcludedPath>$(Drive)\FirefoxPortable\App\Firefox\minidump-analyzer.exe</ExcludedPath>
    <ExcludedPath>$(Drive)\FirefoxPortable\App\Firefox\maintenanceservice.exe</ExcludedPath>
    <ExcludedPath>$(Drive)\FirefoxPortable\App\Firefox\crashreporter.exe</ExcludedPath>
    <ExcludedPath>$(Drive)\FirefoxPortable\App\Firefox64\crashreporter.exe</ExcludedPath>
    <ExcludedPath>$(Drive)\FirefoxPortable\App\Bin\sqlite3.exe</ExcludedPath>
    <ExcludedPath>$(Drive)\FirefoxPortable\App\Firefox64\maintenanceservice.exe</ExcludedPath>
    <ExcludedPath>C:\Program Files (x86)\Google\Chrome\Application\chrome.exe</ExcludedPath>
    <ExcludedPath>$(Drive)\FirefoxPortable\App\Firefox64\minidump-analyzer.exe</ExcludedPath>
    <ExcludedPath>$(Drive)\FirefoxPortable\App\Firefox64\pingsender.exe</ExcludedPath>
    <ExcludedPath>$(Drive)\FirefoxPortable\App\Firefox64\plugin-container.exe</ExcludedPath>
    <ExcludedPath>$(Drive)\FirefoxPortable\App\Firefox64\plugin-hang-ui.exe</ExcludedPath>
    <ExcludedPath>\\Usburw0000\shares\PUBLIC\Overtime\Desktop_OT.xlsm</ExcludedPath>
    <ExcludedPath>$(Drive)\FirefoxPortable\App\Firefox64\firefox.exe</ExcludedPath>
    <ExcludedPath>$(Drive)\Appetizer\Appetizer.exe</ExcludedPath>
    <ExcludedPath>$(Drive)\Downloads\Monster2Portable_2.11.1.paf.exe</ExcludedPath>
    <ExcludedPath>$(Drive)\Etc\Zelda Classic\romview-w.exe</ExcludedPath>
    <ExcludedPath>$(Drive)\Etc\Zelda Classic\zlaunch-w.exe</ExcludedPath>
    <ExcludedPath>$(Drive)\Etc\Zelda Classic\zelda-w.exe</ExcludedPath>
    <ExcludedPath>$(Drive)\Etc\Zelda Classic\zquest-w.exe</ExcludedPath>
    <ExcludedPath>$(Drive)\Etc\vvdemo.exe</ExcludedPath>
    <ExcludedPath>$(Drive)\Etc\wbrd2demo.exe</ExcludedPath>
    <ExcludedPath>$(Drive)\Etc\cmstudnt.exe</ExcludedPath>
    <ExcludedPath>$(Drive)\Etc\Debuggy\Debuggy.exe</ExcludedPath>
    <ExcludedPath>$(Drive)\Games\Monster2Portable\Monster2Portable.exe</ExcludedPath>
    <ExcludedPath>$(Drive)\Games\Monster2Portable\App\Monster2\monster2.exe</ExcludedPath>
    <FolderItem>
        <FilePath>$(Drive)</FilePath>
        <Name>Windows Explorer</Name>
        <AutomaticallyAdded>0</AutomaticallyAdded>
        <MultiLaunchGroup>0</MultiLaunchGroup>
        <IsGroup>0</IsGroup>
        <CustomIcon>C:\Windows\explorer.exe,0</CustomIcon>
    </FolderItem>
    <FolderItem>
        <FilePath>$(Drive)\7-Zip\7zFM.exe</FilePath>
        <Name>7-Zip File Manager</Name>
        <AutomaticallyAdded>1</AutomaticallyAdded>
        <MultiLaunchGroup>0</MultiLaunchGroup>
        <IsGroup>0</IsGroup>
    </FolderItem>
    <FolderItem>
        <FilePath>$(Drive)\Inkscape\bin\inkscape.exe</FilePath>
        <Name>Inkscape vector graphics editor</Name>
        <AutomaticallyAdded>0</AutomaticallyAdded>
        <MultiLaunchGroup>0</MultiLaunchGroup>
        <IsGroup>0</IsGroup>
    </FolderItem>
    <FolderItem>
        <FilePath>C:\Windows\System32\mspaint.exe</FilePath>
        <Name>Paint</Name>
        <AutomaticallyAdded>0</AutomaticallyAdded>
        <MultiLaunchGroup>0</MultiLaunchGroup>
        <IsGroup>0</IsGroup>
    </FolderItem>
    <FolderItem>
        <FilePath>$(Drive)\vti\Vti.exe</FilePath>
        <Name>Virtual TI</Name>
        <AutomaticallyAdded>0</AutomaticallyAdded>
        <MultiLaunchGroup>0</MultiLaunchGroup>
        <IsGroup>0</IsGroup>
    </FolderItem>
    <FolderItem>
        <FilePath>$(Drive)\Notepad++\notepad++.exe</FilePath>
        <Name>Notepad++ : a free (GNU) source code editor</Name>
        <AutomaticallyAdded>1</AutomaticallyAdded>
        <MultiLaunchGroup>0</MultiLaunchGroup>
        <IsGroup>0</IsGroup>
    </FolderItem>
    <FolderItem>
        <FilePath>$(Drive)\Frhed\Frhed.exe</FilePath>
        <Name>Frhed - Free hex editor 1.7.1.0</Name>
        <AutomaticallyAdded>1</AutomaticallyAdded>
        <MultiLaunchGroup>0</MultiLaunchGroup>
        <IsGroup>0</IsGroup>
    </FolderItem>
    <FolderItem>
        <FilePath>$(Drive)\jd-gui.exe</FilePath>
        <Name>JD-GUI</Name>
        <AutomaticallyAdded>0</AutomaticallyAdded>
        <MultiLaunchGroup>0</MultiLaunchGroup>
        <IsGroup>0</IsGroup>
    </FolderItem>
    <FolderItem>
        <FilePath>$(Drive)\GitHubDesktop\App\GitHubDesktop\GitHubDesktop.exe</FilePath>
        <Name>GitHubDesktop</Name>
        <AutomaticallyAdded>0</AutomaticallyAdded>
        <MultiLaunchGroup>0</MultiLaunchGroup>
        <IsGroup>0</IsGroup>
    </FolderItem>
    <FolderItem>
        <FilePath>C:\Program Files (x86)\Microsoft\Edge\Application\msedge.exe</FilePath>
        <Name>Microsoft Edge</Name>
        <AutomaticallyAdded>0</AutomaticallyAdded>
        <MultiLaunchGroup>0</MultiLaunchGroup>
        <IsGroup>0</IsGroup>
        <Parameters>https://portal7amskiosk.nestle.com:26001/irj/portal</Parameters>
    </FolderItem>
    <FolderItem>
        <FilePath>$(Drive)\FirefoxPortable\FirefoxPortable.exe</FilePath>
        <Name>Mozilla Firefox, Portable Edition</Name>
        <AutomaticallyAdded>1</AutomaticallyAdded>
        <MultiLaunchGroup>0</MultiLaunchGroup>
        <IsGroup>0</IsGroup>
    </FolderItem>
    <FolderItem>
        <FilePath>$(Drive)\CODESYS 3.5.15.10\CODESYS\Common\CODESYS.exe</FilePath>
        <Name>CODESYS Development System</Name>
        <AutomaticallyAdded>0</AutomaticallyAdded>
        <MultiLaunchGroup>0</MultiLaunchGroup>
        <IsGroup>0</IsGroup>
    </FolderItem>
    <FolderItem>
        <FilePath>$(Drive)\Studio 2.0\Studio.exe</FilePath>
        <Name>Studio</Name>
        <AutomaticallyAdded>0</AutomaticallyAdded>
        <MultiLaunchGroup>0</MultiLaunchGroup>
        <IsGroup>0</IsGroup>
    </FolderItem>
    <FolderItem>
        <FilePath>$(Drive)\Lego\LEGO Company\LEGO Digital Designer\LDD.exe</FilePath>
        <Name>LEGO Digital Designer</Name>
        <AutomaticallyAdded>1</AutomaticallyAdded>
        <MultiLaunchGroup>0</MultiLaunchGroup>
        <IsGroup>0</IsGroup>
    </FolderItem>
    <FolderItem>
        <FilePath>$(Drive)\Digital\Digital.exe</FilePath>
        <Name>Digital</Name>
        <AutomaticallyAdded>0</AutomaticallyAdded>
        <MultiLaunchGroup>0</MultiLaunchGroup>
        <IsGroup>0</IsGroup>
    </FolderItem>
    <FolderItem>
        <FilePath>$(Drive)\Logisim\logisim-win-2.7.1.exe</FilePath>
        <Name>Logisim 2.7.1</Name>
        <AutomaticallyAdded>0</AutomaticallyAdded>
        <MultiLaunchGroup>0</MultiLaunchGroup>
        <IsGroup>0</IsGroup>
    </FolderItem>
    <FolderItem>
        <FilePath>$(Drive)\CircuitMaker 6 Pro\Cirmaker.exe</FilePath>
        <Name>Cirmaker</Name>
        <AutomaticallyAdded>0</AutomaticallyAdded>
        <MultiLaunchGroup>0</MultiLaunchGroup>
        <IsGroup>0</IsGroup>
    </FolderItem>
    <FolderItem>
        <FilePath>$(Drive)\WINTOOLS\Windows Diagnostic Tools\General Utilities\ecm\ecm.exe</FilePath>
        <Name>ecm</Name>
        <AutomaticallyAdded>0</AutomaticallyAdded>
        <MultiLaunchGroup>0</MultiLaunchGroup>
        <IsGroup>0</IsGroup>
    </FolderItem>
    <FolderItem>
        <FilePath>$(Drive)\Games\MinesPerfect\mineperf.exe</FilePath>
        <Name>mineperf</Name>
        <AutomaticallyAdded>1</AutomaticallyAdded>
        <MultiLaunchGroup>0</MultiLaunchGroup>
        <IsGroup>0</IsGroup>
    </FolderItem>
    <FolderItem>
        <FilePath></FilePath>
        <Name>Utils</Name>
        <AutomaticallyAdded>0</AutomaticallyAdded>
        <MultiLaunchGroup>0</MultiLaunchGroup>
        <IsGroup>1</IsGroup>
        <CustomIcon>%SystemRoot%\System32\SHELL32.dll,212</CustomIcon>
        <Children>
            <FolderItem>
                <FilePath>$(Drive)\GoogleDrive\Drive\googledrivesync.exe</FilePath>
                <Name>Google Drive and Sync</Name>
                <AutomaticallyAdded>0</AutomaticallyAdded>
                <MultiLaunchGroup>0</MultiLaunchGroup>
                <IsGroup>0</IsGroup>
            </FolderItem>
            <FolderItem>
                <FilePath>C:\Windows\System32\subst.exe</FilePath>
                <Name>Mount Google Drive</Name>
                <AutomaticallyAdded>0</AutomaticallyAdded>
                <MultiLaunchGroup>0</MultiLaunchGroup>
                <IsGroup>0</IsGroup>
                <Parameters>G: D:\GoogleDrive\_GDrive</Parameters>
                <CustomIcon>C:\Windows\System32\imageres.dll,28</CustomIcon>
            </FolderItem>
            <FolderItem>
                <FilePath>C:\Windows\System32\subst.exe</FilePath>
                <Name>Unmount Google Drive</Name>
                <AutomaticallyAdded>0</AutomaticallyAdded>
                <MultiLaunchGroup>0</MultiLaunchGroup>
                <IsGroup>0</IsGroup>
                <Parameters>G: /D</Parameters>
                <CustomIcon>C:\Windows\System32\imageres.dll,26</CustomIcon>
            </FolderItem>
            <FolderItem>
                <FilePath>$(Drive)\SpeedyFoxPortable\SpeedyFoxPortable.exe</FilePath>
                <Name>SpeedyFox Portable</Name>
                <AutomaticallyAdded>0</AutomaticallyAdded>
                <MultiLaunchGroup>0</MultiLaunchGroup>
                <IsGroup>0</IsGroup>
            </FolderItem>
        </Children>
    </FolderItem>
</FolderItems>
